<?xml version="1.0" encoding="Windows-1252" ?>
<!--
By modifying this file, you can customize your context menu popuped as right clicking on the edit zone.
It may be more convinient to access to your frequent used commands via context menu than via the top menu.

Please check "How to Customize the Context Menu" on:
http://docs.notepad-plus-plus.org/index.php/Context_Menu
-->
<NotepadPlus>
    <ScintillaContextMenu>
        <Item FolderName="Project" id="23000" ItemNameAs="Project" User="" />
        <Item FolderName="Project" id="23001" ItemNameAs="Product" User="" />
        <Item FolderName="Project" id="23002" ItemNameAs="Component" User="" />
        <Item FolderName="Project" id="23003" ItemNameAs="Environment" User="" />
        <Item FolderName="Project" id="23004" ItemNameAs="TeXpage" User="" />
        <Item FolderName="Project" id="23005" ItemNameAs="Text(5)" User="" />
        <Item FolderName="Document" id="23006" ItemNameAs="Makeup" User="" />
        <Item FolderName="Document" id="23007" ItemNameAs="Part" User="" />
        <Item FolderName="Document" id="0" ItemNameAs="" User="" />
        <Item FolderName="Document" id="23008" ItemNameAs="Chapter" User="" />
        <Item FolderName="Document" id="23009" ItemNameAs="Section" User="" />
        <Item FolderName="Document" id="23011" ItemNameAs="Subsection" User="" />
        <Item FolderName="Document" id="23012" ItemNameAs="Subsubsection" User="" />
        <Item FolderName="Document" id="23013" ItemNameAs="Subsubsubsection" User="" />
        <Item FolderName="Document" id="23014" ItemNameAs="Subsubsubsubsection" User="" />
        <Item FolderName="Document" id="0" ItemNameAs="" User="" />
        <Item FolderName="Document" id="23015" ItemNameAs="Title" User="" />
        <Item FolderName="Document" id="23016" ItemNameAs="Subject" User="" />
        <Item FolderName="Document" id="23017" ItemNameAs="Subsubject" User="" />
        <Item FolderName="Document" id="23018" ItemNameAs="Subsubsubject" User="" />
        <Item FolderName="Document" id="23019" ItemNameAs="Subsubsubsubject" User="" />
        <Item FolderName="Document" id="23021" ItemNameAs="Subsubsubsubsubject" User="" />
        <Item FolderName="Document" id="0" ItemNameAs="" User="" />
        <Item FolderName="Document" id="23022" ItemNameAs="Itemize" User="" />
        <Item FolderName="Document" id="23023" ItemNameAs="Enumerate" User="" />
        <Item FolderName="Document" id="23024" ItemNameAs="Item" User="" />
        <Item FolderName="Document" id="23025" ItemNameAs="Head" User="" />
        <Item FolderName="Document" id="23026" ItemNameAs="Footnote" User="" />
        <Item FolderName="Document" id="23027" ItemNameAs="Outer Margin Note" User="" />
        <Item FolderName="Document" id="0" ItemNameAs="" User="" />
        <Item FolderName="Document" id="23028" ItemNameAs="Paragraph" User="" />
        <Item FolderName="Document" id="23029" ItemNameAs="Paragraph (RTL)" User="" />
        <Item FolderName="Document" id="23031" ItemNameAs="Paragraph (LTR)" User="" />
        <Item FolderName="Document" id="23032" ItemNameAs="Framed Text" User="" />
        <Item FolderName="Document" id="23033" ItemNameAs="Framed Foototes" User="" />
        <Item FolderName="Document" id="23034" ItemNameAs="Typed Text" User="" />
        <Item FolderName="Document" id="23035" ItemNameAs="Split Lines" User="" />
        <Item FolderName="Document" id="0" ItemNameAs="" User="" />
        <Item FolderName="Document" id="23036" ItemNameAs="Framed" User="" />
        <Item FolderName="Document" id="23037" ItemNameAs="Start Stop" User="" />
        <Item FolderName="Document" id="23038" ItemNameAs="TeX Braces" User="" />
        <Item FolderName="Document" id="23039" ItemNameAs="Horizontal Box" User="" />
        <Item FolderName="Document" id="23041" ItemNameAs="Midaligned Box" User="" />
        <Item FolderName="Document" id="0" ItemNameAs="" User="" />
        <Item FolderName="Document" id="23042" ItemNameAs="TABLE " User="" />
        <Item FolderName="Document" id="23043" ItemNameAs="TABLE row" User="" />
        <Item FolderName="Document" id="23044" ItemNameAs="TABLE element" User="" />
        <Item FolderName="Document" id="0" ItemNameAs="" User="" />
        <Item FolderName="Document" id="23045" ItemNameAs="Figure" User="" />
        <Item FolderName="Document" id="23046" ItemNameAs="Place Figure" User="" />
        <Item FolderName="Document" id="23047" ItemNameAs="Metapost" User="" />
        <Item FolderName="Document" id="23048" ItemNameAs="Metapost Graphic" User="" />
        <Item FolderName="Document" id="23049" ItemNameAs="Metapost TeX Color" User="" />
        <Item FolderName="Document" id="0" ItemNameAs="" User="" />
        <Item FolderName="Document" id="23051" ItemNameAs="Citation" User="" />
        <Item FolderName="Style" id="23052" ItemNameAs="Emphasize" User="" />
        <Item FolderName="Style" id="23053" ItemNameAs="Type" User="" />
        <Item FolderName="Style" id="23054" ItemNameAs="Abbreviation Caps" User="" />
        <Item FolderName="Style" id="0" ItemNameAs="" User="" />
        <Item FolderName="Style" id="23055" ItemNameAs="Regular" User="" />
        <Item FolderName="Style" id="23056" ItemNameAs="Italic" User="" />
        <Item FolderName="Style" id="23057" ItemNameAs="Bold" User="" />
        <Item FolderName="Style" id="23058" ItemNameAs="Bold Italic" User="" />
        <Item FolderName="Style" id="23059" ItemNameAs="Small Caps" User="" />
        <Item FolderName="Style" id="23061" ItemNameAs="Teletype" User="" />
        <Item FolderName="Style" id="0" ItemNameAs="" User="" />
        <Item FolderName="Style" id="23062" ItemNameAs="Roman" User="" />
        <Item FolderName="Style" id="23063" ItemNameAs="Sans Serif" User="" />
        <Item FolderName="Style" id="0" ItemNameAs="" User="" />
        <Item FolderName="Style" id="23064" ItemNameAs="Block Quote" User="" />
        <Item FolderName="Style" id="23065" ItemNameAs="Narrowed Text" User="" />
        <Item FolderName="Style" id="23066" ItemNameAs="Double Quotes" User="" />
        <Item FolderName="Style" id="23067" ItemNameAs="Single Quotes" User="" />
        <Item FolderName="Style" id="0" ItemNameAs="" User="" />
        <Item FolderName="Style" id="23068" ItemNameAs="Align Middle" User="" />
        <Item FolderName="Style" id="23069" ItemNameAs="Align Right" User="" />
        <Item FolderName="Style" id="23071" ItemNameAs="Align Left" User="" />
        <Item FolderName="Style" id="0" ItemNameAs="" User="" />
        <Item FolderName="Style" id="23072" ItemNameAs="Text Braces" User="" />
        <Item FolderName="Style" id="23073" ItemNameAs="Angle Brackets" User="" />
        <Item FolderName="Style" id="23074" ItemNameAs="Ornate Arabic Parens" User="" />
        <Item FolderName="Style" id="23075" ItemNameAs="Guillemot Quotes" User="" />
        <Item FolderName="Highlights" id="23076" ItemNameAs="Emphasis" User="" />
        <Item FolderName="Highlights" id="23077" ItemNameAs="Important" User="" />
        <Item FolderName="Highlights" id="23078" ItemNameAs="Regular" User="" />
        <Item FolderName="Highlights" id="23079" ItemNameAs="Abbreviation" User="" />
        <Item FolderName="Highlights" id="23081" ItemNameAs="Booktitle" User="" />
        <Item FolderName="Highlights" id="23082" ItemNameAs="Quran" User="" />
        <Item FolderName="Highlights" id="23083" ItemNameAs="Transliteration (raw)" User="" />
        <Item FolderName="Highlights" id="23084" ItemNameAs="Translation (raw)" User="" />
        <Item FolderName="Private" id="23085" ItemNameAs="Translate" User="" />
        <Item FolderName="Private" id="23086" ItemNameAs="Transliterate" User="" />
        <Item FolderName="Private" id="23087" ItemNameAs="Equals" User="" />
        <Item FolderName="Private" id="0" ItemNameAs="" User="" />
        <Item FolderName="Private" id="23088" ItemNameAs="Quran Ayah" User="" />
        <Item FolderName="XML/HTML" id="23089" ItemNameAs="HTML Emphasis" User="" />
        <Item id="0" />
        <!-- Use MenuEntryName and MenuItemName to localize your commands to add -->
        <Item MenuEntryName="Edit" MenuItemName="Cut" />
        <Item MenuEntryName="Edit" MenuItemName="Copy" />
        <Item MenuEntryName="Edit" MenuItemName="Paste" />
        <Item MenuEntryName="Edit" MenuItemName="Delete" />
        <Item MenuEntryName="Edit" MenuItemName="Select all" />
        <!-- id="0" is the separator -->
        <Item id="0" />
        <!-- You can use command id to add the commands you want. 
		Check english.xml to get commands id:
		http://notepad-plus.svn.sourceforge.net/viewvc/notepad-plus/trunk/PowerEditor/installer/nativeLang/english.xml
		
		Use FolderName (optional) to create sub-menu. FolderName can be used in any item.
		-->
        <!--         <Item FolderName="Style token" id="43022"/>
        <Item FolderName="Style token" id="43024"/>
        <Item FolderName="Style token" id="43026"/>
        <Item FolderName="Style token" id="43028"/>
        <Item FolderName="Style token" id="43030"/>
		
        <Item FolderName="Remove style" id="43023"/>
        <Item FolderName="Remove style" id="43025"/>
        <Item FolderName="Remove style" id="43027"/>
        <Item FolderName="Remove style" id="43029"/>
        <Item FolderName="Remove style" id="43031"/>
        <Item FolderName="Remove style" id="43032"/>
        <Item id="0"/> -->
        <!-- To add plugin commands, you have to use PluginEntryName and PluginCommandItemName to localize the plugin commands -->
        <!-- <Item FolderName="Plugin commands" PluginEntryName="MIME Tools" PluginCommandItemName="Base64 Decode"/>  -->
        <!-- ><Item FolderName="Plugin commands" PluginEntryName="NppExport" PluginCommandItemName="Copy all formats to clipboard"/>  -->
        <Item id="0" />
        <Item MenuEntryName="Edit" MenuItemName="UPPERCASE" />
        <Item MenuEntryName="Edit" MenuItemName="lowercase" />
        <Item PluginEntryName="TextFX Characters" PluginCommandItemName="Proper Case" ItemNameAs="Proper Case" />
        <Item id="0" />
        <Item MenuEntryName="Edit" MenuItemName="Toggle block comment" />
        <Item MenuEntryName="Edit" MenuItemName="Stream comment" />
        <Item id="0" />
        <br />
        <br />
        <!--  line operations -->
        <Item id="0" />
        <Item MenuEntryName="Edit" SubMenuEntryName="Line Operations" MenuItemName="Join Lines" ItemNameAs="Join Lines (Ctrl+J)" />
        <Item MenuEntryName="Edit" SubMenuEntryName="Line Operations" MenuItemName="Split Lines" ItemNameAs="Split Lines (Ctrl+I)" />
        <Item id="0" />
        <!-- <Item MenuEntryName="View" MenuItemName="Hide lines"/> -->
        <Item id="0" />
        <Item MenuEntryName="View" MenuItemName="Text Direction RTL" ItemNameAs="Text Direction RTL (F10)" />
        <Item MenuEntryName="View" MenuItemName="Text Direction LTR" ItemNameAs="Text Direction LTR (F9)" />
        <Item PluginEntryName="TextFX Characters" PluginCommandItemName="E:Rewrap Text to (Clipboard or 72) width" ItemNameAs="Rewrap Par (Ctrl+Alt+Shift+W)" />
    </ScintillaContextMenu>
</NotepadPlus>
